"Mean","Variance","N","Min","Max","Skewness","Kurtosis"
-0.00128227329077962,2.45638850132841,5000,-12.1110204578782,13.2345920302464,-0.280054805652779,8.80023646819155
