"Mean","Variance","N","Min","Max","Skewness","Kurtosis"
-4.51097398854251e-05,0.000192840811808433,3936,-0.124278449832413,0.161374961860783,0.128708551211955,12.5727466534877
