"Mean","Variance","N","Min","Max","Skewness","Kurtosis"
-0.0002501122957605,0.000162200541192443,4029,-0.109571967677871,0.0946951249598742,0.201553349104701,10.9423023071901
